﻿<?xml version="1.0" encoding="utf-8"?>
<QNode Id="0" Level="0" X="0" Y="0" Width="4352" Height="4352">
  <QNode Id="0" Level="1" X="0" Y="0" Width="2176" Height="2176">
    <QNode Id="0" Level="2" X="0" Y="0" Width="1088" Height="1088">
      <QNode Id="0" Level="3" X="0" Y="0" Width="544" Height="544">
        <Objects>land01 land02 shadowbeast soldier14 </Objects>
      </QNode>
      <QNode Id="256" Level="3" X="544" Y="0" Width="544" Height="544" />
      <QNode Id="512" Level="3" X="544" Y="544" Width="544" Height="544" />
      <QNode Id="768" Level="3" X="0" Y="544" Width="544" Height="544">
        <QNode Id="768" Level="4" X="0" Y="544" Width="272" Height="272">
          <Objects>rifleman01 land03 land04 land06 </Objects>
        </QNode>
        <QNode Id="66304" Level="4" X="272" Y="544" Width="272" Height="272">
          <Objects>land03 land05 soldierCreator08 </Objects>
        </QNode>
        <QNode Id="131840" Level="4" X="272" Y="816" Width="272" Height="272">
          <Objects>land07 land09 land10 land11 </Objects>
        </QNode>
        <QNode Id="197376" Level="4" X="0" Y="816" Width="272" Height="272">
          <QNode Id="197376" Level="5" X="0" Y="816" Width="136" Height="136">
            <Objects>land08 soldier08 soldier09 </Objects>
          </QNode>
          <QNode Id="197377" Level="5" X="136" Y="816" Width="136" Height="136">
            <Objects>land07 land08 land09 </Objects>
          </QNode>
          <QNode Id="197378" Level="5" X="136" Y="952" Width="136" Height="136">
            <Objects>land10 </Objects>
          </QNode>
          <QNode Id="197379" Level="5" X="0" Y="952" Width="136" Height="136">
            <Objects>land10 </Objects>
          </QNode>
        </QNode>
      </QNode>
    </QNode>
    <QNode Id="16" Level="2" X="1088" Y="0" Width="1088" Height="1088" />
    <QNode Id="32" Level="2" X="1088" Y="1088" Width="1088" Height="1088" />
    <QNode Id="48" Level="2" X="0" Y="1088" Width="1088" Height="1088">
      <QNode Id="48" Level="3" X="0" Y="1088" Width="544" Height="544">
        <QNode Id="48" Level="4" X="0" Y="1088" Width="272" Height="272">
          <Objects>rockfly01 wallturret01 land13 soldierCreator07 </Objects>
        </QNode>
        <QNode Id="65584" Level="4" X="272" Y="1088" Width="272" Height="272">
          <Objects>rockfly01 redcannon01 land12 soldier13 </Objects>
        </QNode>
        <QNode Id="131120" Level="4" X="272" Y="1360" Width="272" Height="272">
          <QNode Id="131120" Level="5" X="272" Y="1360" Width="136" Height="136">
            <Objects>land15 land16 </Objects>
          </QNode>
          <QNode Id="131121" Level="5" X="408" Y="1360" Width="136" Height="136">
            <Objects>redcannon01 land15 land16 </Objects>
          </QNode>
          <QNode Id="131122" Level="5" X="408" Y="1496" Width="136" Height="136">
            <Objects>wallturret03 land17 soldierCreator06 </Objects>
          </QNode>
          <QNode Id="131123" Level="5" X="272" Y="1496" Width="136" Height="136">
            <Objects>land17 land18 </Objects>
          </QNode>
        </QNode>
        <QNode Id="196656" Level="4" X="0" Y="1360" Width="272" Height="272">
          <QNode Id="196656" Level="5" X="0" Y="1360" Width="136" Height="136">
            <Objects>wallturret01 falcon01 wallturret02 land14 </Objects>
          </QNode>
          <QNode Id="196657" Level="5" X="136" Y="1360" Width="136" Height="136">
            <Objects>land14 </Objects>
          </QNode>
          <QNode Id="196658" Level="5" X="136" Y="1496" Width="136" Height="136">
            <Objects>land18 </Objects>
          </QNode>
          <QNode Id="196659" Level="5" X="0" Y="1496" Width="136" Height="136">
            <Objects>wallturret02 land18 soldier06 </Objects>
          </QNode>
        </QNode>
      </QNode>
      <QNode Id="304" Level="3" X="544" Y="1088" Width="544" Height="544" />
      <QNode Id="560" Level="3" X="544" Y="1632" Width="544" Height="544" />
      <QNode Id="816" Level="3" X="0" Y="1632" Width="544" Height="544">
        <QNode Id="816" Level="4" X="0" Y="1632" Width="272" Height="272">
          <QNode Id="816" Level="5" X="0" Y="1632" Width="136" Height="136">
            <Objects>land19 land20 </Objects>
          </QNode>
          <QNode Id="817" Level="5" X="136" Y="1632" Width="136" Height="136">
            <Objects>land19 land20 </Objects>
          </QNode>
          <QNode Id="818" Level="5" X="136" Y="1768" Width="136" Height="136">
            <Objects>land21 land22 soldier04 </Objects>
          </QNode>
          <QNode Id="819" Level="5" X="0" Y="1768" Width="136" Height="136">
            <Objects>land22 land23 </Objects>
          </QNode>
        </QNode>
        <QNode Id="66352" Level="4" X="272" Y="1632" Width="272" Height="272">
          <QNode Id="66352" Level="5" X="272" Y="1632" Width="136" Height="136">
            <Objects>falcon02 land20 soldier05 </Objects>
          </QNode>
          <QNode Id="66353" Level="5" X="408" Y="1632" Width="136" Height="136">
            <Objects>wallturret03 scubasoldier01 land20 soldier05 </Objects>
          </QNode>
          <QNode Id="66354" Level="5" X="408" Y="1768" Width="136" Height="136">
            <Objects>scubasoldier01 </Objects>
          </QNode>
          <QNode Id="66355" Level="5" X="272" Y="1768" Width="136" Height="136">
            <Objects>falcon02 land21 land22 </Objects>
          </QNode>
        </QNode>
        <QNode Id="131888" Level="4" X="272" Y="1904" Width="272" Height="272">
          <Objects>rockfly02 land24 land25 land26 </Objects>
        </QNode>
        <QNode Id="197424" Level="4" X="0" Y="1904" Width="272" Height="272">
          <Objects>scubasoldier02 wallturret04 rockfly02 land25 </Objects>
        </QNode>
      </QNode>
    </QNode>
  </QNode>
  <QNode Id="4" Level="1" X="2176" Y="0" Width="2176" Height="2176" />
  <QNode Id="8" Level="1" X="2176" Y="2176" Width="2176" Height="2176" />
  <QNode Id="12" Level="1" X="0" Y="2176" Width="2176" Height="2176">
    <QNode Id="12" Level="2" X="0" Y="2176" Width="1088" Height="1088">
      <QNode Id="12" Level="3" X="0" Y="2176" Width="544" Height="544">
        <QNode Id="12" Level="4" X="0" Y="2176" Width="272" Height="272">
          <QNode Id="12" Level="5" X="0" Y="2176" Width="136" Height="136">
            <Objects>land27 land28 soldierCreator03 </Objects>
          </QNode>
          <QNode Id="13" Level="5" X="136" Y="2176" Width="136" Height="136">
            <Objects>rockfly02 land27 land28 </Objects>
          </QNode>
          <QNode Id="14" Level="5" X="136" Y="2312" Width="136" Height="136">
            <Objects>rockfly03 aircraft01 aircraft02 </Objects>
          </QNode>
          <QNode Id="15" Level="5" X="0" Y="2312" Width="136" Height="136">
            <Objects>rockfly03 walllturret05 aircraft01 land31 </Objects>
          </QNode>
        </QNode>
        <QNode Id="65548" Level="4" X="272" Y="2176" Width="272" Height="272">
          <QNode Id="65548" Level="5" X="272" Y="2176" Width="136" Height="136">
            <Objects>rockfly02 land29 </Objects>
          </QNode>
          <QNode Id="65549" Level="5" X="408" Y="2176" Width="136" Height="136">
            <Objects>rockfly02 land29 soldierCreator05 </Objects>
          </QNode>
          <QNode Id="65550" Level="5" X="408" Y="2312" Width="136" Height="136">
            <Objects>aircraft02 land30 soldierCreator04 </Objects>
          </QNode>
          <QNode Id="65551" Level="5" X="272" Y="2312" Width="136" Height="136">
            <Objects>rockfly03 aircraft02 land30 </Objects>
          </QNode>
        </QNode>
        <QNode Id="131084" Level="4" X="272" Y="2448" Width="272" Height="272">
          <QNode Id="131084" Level="5" X="272" Y="2448" Width="136" Height="136">
            <Objects>aircraft02 land32 land35 </Objects>
          </QNode>
          <QNode Id="131085" Level="5" X="408" Y="2448" Width="136" Height="136">
            <Objects>aircraft02 land32 land35 soldier12 </Objects>
          </QNode>
          <QNode Id="131086" Level="5" X="408" Y="2584" Width="136" Height="136">
            <Objects>aircraft02 land37 land64 soldierCreator02 </Objects>
          </QNode>
          <QNode Id="131087" Level="5" X="272" Y="2584" Width="136" Height="136">
            <Objects>fire01 aircraft02 land37 land64 </Objects>
          </QNode>
        </QNode>
        <QNode Id="196620" Level="4" X="0" Y="2448" Width="272" Height="272">
          <QNode Id="196620" Level="5" X="0" Y="2448" Width="136" Height="136">
            <Objects>walllturret05 aircraft01 land33 land34 </Objects>
          </QNode>
          <QNode Id="196621" Level="5" X="136" Y="2448" Width="136" Height="136">
            <Objects>aircraft01 aircraft02 land32 land33 </Objects>
          </QNode>
          <QNode Id="196622" Level="5" X="136" Y="2584" Width="136" Height="136">
            <Objects>fire01 aircraft01 aircraft02 land37 </Objects>
          </QNode>
          <QNode Id="196623" Level="5" X="0" Y="2584" Width="136" Height="136">
            <Objects>fire01 aircraft01 land37 </Objects>
          </QNode>
        </QNode>
      </QNode>
      <QNode Id="268" Level="3" X="544" Y="2176" Width="544" Height="544" />
      <QNode Id="524" Level="3" X="544" Y="2720" Width="544" Height="544" />
      <QNode Id="780" Level="3" X="0" Y="2720" Width="544" Height="544">
        <QNode Id="780" Level="4" X="0" Y="2720" Width="272" Height="272">
          <QNode Id="780" Level="5" X="0" Y="2720" Width="136" Height="136">
            <Objects>aircraft01 land36 </Objects>
          </QNode>
          <QNode Id="781" Level="5" X="136" Y="2720" Width="136" Height="136">
            <Objects>aircraft01 aircraft02 </Objects>
          </QNode>
          <QNode Id="782" Level="5" X="136" Y="2856" Width="136" Height="136">
            <Objects>aircraft01 aircraft02 land38 land39 land40 </Objects>
          </QNode>
          <QNode Id="783" Level="5" X="0" Y="2856" Width="136" Height="136">
            <Objects>aircraft01 land38 land40 </Objects>
          </QNode>
        </QNode>
        <QNode Id="66316" Level="4" X="272" Y="2720" Width="272" Height="272">
          <Objects>aircraft02 land39 </Objects>
        </QNode>
        <QNode Id="131852" Level="4" X="272" Y="2992" Width="272" Height="272">
          <Objects>scubasoldier03 rifleman02 land41 </Objects>
        </QNode>
        <QNode Id="197388" Level="4" X="0" Y="2992" Width="272" Height="272">
          <Objects>land40 land41 land42 land43 soldier11 </Objects>
        </QNode>
      </QNode>
    </QNode>
    <QNode Id="28" Level="2" X="1088" Y="2176" Width="1088" Height="1088" />
    <QNode Id="44" Level="2" X="1088" Y="3264" Width="1088" Height="1088" />
    <QNode Id="60" Level="2" X="0" Y="3264" Width="1088" Height="1088">
      <QNode Id="60" Level="3" X="0" Y="3264" Width="544" Height="544">
        <QNode Id="60" Level="4" X="0" Y="3264" Width="272" Height="272">
          <QNode Id="60" Level="5" X="0" Y="3264" Width="136" Height="136">
            <Objects>land44 </Objects>
          </QNode>
          <QNode Id="61" Level="5" X="136" Y="3264" Width="136" Height="136">
            <Objects>rockfall01 land44 </Objects>
          </QNode>
          <QNode Id="62" Level="5" X="136" Y="3400" Width="136" Height="136">
            <QNode Id="62" Level="6" X="136" Y="3400" Width="68" Height="68">
              <Objects>land46 </Objects>
            </QNode>
            <QNode Id="63" Level="6" X="204" Y="3400" Width="68" Height="68">
              <Objects>rockfall01 falcon03 land46 </Objects>
            </QNode>
            <QNode Id="62" Level="6" X="204" Y="3468" Width="68" Height="68">
              <Objects>falcon03 land48 </Objects>
            </QNode>
            <QNode Id="63" Level="6" X="136" Y="3468" Width="68" Height="68">
              <Objects>rockfall02 land47 </Objects>
            </QNode>
          </QNode>
          <QNode Id="63" Level="5" X="0" Y="3400" Width="136" Height="136">
            <Objects>rockfall02 land46 land47 land65 </Objects>
          </QNode>
        </QNode>
        <QNode Id="65596" Level="4" X="272" Y="3264" Width="272" Height="272">
          <QNode Id="65596" Level="5" X="272" Y="3264" Width="136" Height="136">
            <Objects>rockfall01 land44 land45 </Objects>
          </QNode>
          <QNode Id="65597" Level="5" X="408" Y="3264" Width="136" Height="136">
            <Objects>rifleman02 land44 land45 soldierCreator01 </Objects>
          </QNode>
          <QNode Id="65598" Level="5" X="408" Y="3400" Width="136" Height="136">
            <Objects>land48 </Objects>
          </QNode>
          <QNode Id="65599" Level="5" X="272" Y="3400" Width="136" Height="136">
            <Objects>rockfall01 falcon03 land48 </Objects>
          </QNode>
        </QNode>
        <QNode Id="131132" Level="4" X="272" Y="3536" Width="272" Height="272">
          <QNode Id="131132" Level="5" X="272" Y="3536" Width="136" Height="136">
            <Objects>rockfall03 rockfall04 land48 land50 soldier03 </Objects>
          </QNode>
          <QNode Id="131133" Level="5" X="408" Y="3536" Width="136" Height="136">
            <Objects>rockfall04 land48 land50 </Objects>
          </QNode>
          <QNode Id="131134" Level="5" X="408" Y="3672" Width="136" Height="136">
            <Objects>rockfall04 </Objects>
          </QNode>
          <QNode Id="131135" Level="5" X="272" Y="3672" Width="136" Height="136">
            <Objects>rockfall04 falcon04 land51 soldier03 </Objects>
          </QNode>
        </QNode>
        <QNode Id="196668" Level="4" X="0" Y="3536" Width="272" Height="272">
          <QNode Id="196668" Level="5" X="0" Y="3536" Width="136" Height="136">
            <Objects>rockfall02 land49 soldier02 land65 </Objects>
          </QNode>
          <QNode Id="196669" Level="5" X="136" Y="3536" Width="136" Height="136">
            <Objects>rockfall02 land48 </Objects>
          </QNode>
          <QNode Id="196670" Level="5" X="136" Y="3672" Width="136" Height="136">
            <Objects>falcon04 land51 land52 </Objects>
          </QNode>
          <QNode Id="196671" Level="5" X="0" Y="3672" Width="136" Height="136">
            <Objects>rockfall05 land51 land52 soldier02 soldier10 </Objects>
          </QNode>
        </QNode>
      </QNode>
      <QNode Id="316" Level="3" X="544" Y="3264" Width="544" Height="544" />
      <QNode Id="572" Level="3" X="544" Y="3808" Width="544" Height="544" />
      <QNode Id="828" Level="3" X="0" Y="3808" Width="544" Height="544">
        <QNode Id="828" Level="4" X="0" Y="3808" Width="272" Height="272">
          <QNode Id="828" Level="5" X="0" Y="3808" Width="136" Height="136">
            <Objects>rockfall05 land53 land55 soldier01 </Objects>
          </QNode>
          <QNode Id="829" Level="5" X="136" Y="3808" Width="136" Height="136">
            <Objects>land53 land56 </Objects>
          </QNode>
          <QNode Id="830" Level="5" X="136" Y="3944" Width="136" Height="136">
            <Objects>land57 land59 land60 </Objects>
          </QNode>
          <QNode Id="831" Level="5" X="0" Y="3944" Width="136" Height="136">
            <Objects>land57 land59 </Objects>
          </QNode>
        </QNode>
        <QNode Id="66364" Level="4" X="272" Y="3808" Width="272" Height="272">
          <QNode Id="66364" Level="5" X="272" Y="3808" Width="136" Height="136">
            <Objects>land53 land54 land56 </Objects>
          </QNode>
          <QNode Id="66365" Level="5" X="408" Y="3808" Width="136" Height="136">
            <Objects>land54 land56 soldierCreator09 </Objects>
          </QNode>
          <QNode Id="66366" Level="5" X="408" Y="3944" Width="136" Height="136">
            <Objects>land58 land60 soldierCreator09 </Objects>
          </QNode>
          <QNode Id="66367" Level="5" X="272" Y="3944" Width="136" Height="136">
            <Objects>land58 land60 </Objects>
          </QNode>
        </QNode>
        <QNode Id="131900" Level="4" X="272" Y="4080" Width="272" Height="272">
          <Objects>land60 land61 land62 land63 soldier15 </Objects>
        </QNode>
        <QNode Id="197436" Level="4" X="0" Y="4080" Width="272" Height="272">
          <Objects>land60 land61 land63 </Objects>
        </QNode>
      </QNode>
    </QNode>
  </QNode>
</QNode>